<?xml version="1.0" encoding="UTF-8"?>
<executionPlan name="ErrorLogDetector" statistics="disable"
  trace="disable" xmlns="http://wso2.org/carbon/eventprocessor">
  <description>This capture LogEvents and detect Error logs</description>
  <siddhiConfiguration>
    <property name="siddhi.enable.distributed.processing">false</property>
    <property name="siddhi.persistence.snapshot.time.interval.minutes">0</property>
  </siddhiConfiguration>
  <importedStreams>
    <stream as="LogEvents" name="log.0.AS.2014.01.24" version="1.0.0"/>
  </importedStreams>
  <queryExpressions><![CDATA[from LogEvents[priority == "ERROR"]
select message,stacktrace,serverName
insert into ExceptionStream
]]></queryExpressions>
  <exportedStreams>
    <stream name="ExceptionStream" valueOf="ExceptionStream" version="1.0.0"/>
  </exportedStreams>
</executionPlan>
