<?xml version="1.0" encoding="UTF-8"?>
<eventFormatter name="EmailSenderFormatter" statistics="disable"
  trace="disable" xmlns="http://wso2.org/carbon/eventformatter">
  <from streamName="ExceptionStream" version="1.0.0"/>
  <mapping customMapping="enable" type="text">
    <inline>Error Occurred in {{serverName}} – {{message}}

{{stacktrace}} 
</inline>
  </mapping>
  <to eventAdaptorName="EmailSender" eventAdaptorType="email">
    <property name="email.address">amani@wso2.com</property>
    <property name="email.subject">Error Detected</property>
  </to>
</eventFormatter>
