<?xml version="1.0" encoding="UTF-8"?>
<executionPlan name="ReTweetNotifier" statistics="disable"
  trace="disable" xmlns="http://wso2.org/carbon/eventprocessor">
  <description>Identify all the ReTweets</description>
  <siddhiConfiguration>
    <property name="siddhi.enable.distributed.processing">false</property>
    <property name="siddhi.persistence.snapshot.time.interval.minutes">0</property>
  </siddhiConfiguration>
  <importedStreams>
    <stream as="twitterStream" name="twitter_data_stream" version="1.0.0"/>
  </importedStreams>
  <queryExpressions><![CDATA[from twitterStream[tweet contains 'RT '] insert into reTweetStream;]]></queryExpressions>
  <exportedStreams>
    <stream name="reTweetStream" passthroughFlow="enable"
      valueOf="reTweetStream" version="1.0.0"/>
  </exportedStreams>
</executionPlan>
