<?xml version="1.0" encoding="UTF-8"?>
<eventFormatter name="EmailRetweetEventFormatter" statistics="disable"
  trace="disable" xmlns="http://wso2.org/carbon/eventformatter">
  <from streamName="reTweetStream" version="1.0.0"/>
  <mapping customMapping="enable" type="text">
    <inline>Retweet on #Cloud by {{user}} 
{{tweet}}</inline>
  </mapping>
  <to eventAdaptorName="EmailAdaptor" eventAdaptorType="email">
    <property name="email.address">xxx@wso2.com</property>
    <property name="email.subject">Retweet on #Cloud</property>
  </to>
</eventFormatter>
