<?xml version="1.0" encoding="UTF-8"?>
<eventBuilder name="log.0.AS.2014.01.24_1.0.0_builder"
    statistics="disable" trace="disable" xmlns="http://wso2.org/carbon/eventbuilder">
    <from eventAdaptorName="DefaultWSO2EventInputAdaptor" eventAdaptorType="wso2event">
        <property name="stream">log.0.AS.2014.01.24</property>
        <property name="version">1.0.0</property>
    </from>
    <mapping customMapping="disable" type="wso2event"/>
    <to streamName="log.0.AS.2014.01.24" version="1.0.0"/>
</eventBuilder>
