<?xml version="1.0" encoding="UTF-8"?>
<eventBuilder name="twitter_data_stream_1.0.0_builder"
    statistics="disable" trace="disable" xmlns="http://wso2.org/carbon/eventbuilder">
    <from eventAdaptorName="DefaultWSO2EventInputAdaptor" eventAdaptorType="wso2event">
        <property name="stream">twitter_data_stream</property>
        <property name="version">1.0.0</property>
    </from>
    <mapping customMapping="disable" type="wso2event"/>
    <to streamName="twitter_data_stream" version="1.0.0"/>
</eventBuilder>
